FileName,EggCount,Day,Repeat ,Condition
well_25_2023-10-20_194802_.jpg,11,D1,1,DMSO
well_26_2023-10-20_194808_.jpg,52,D1,1,DMSO
well_27_2023-10-20_194813_.jpg,72,D1,1,DMSO
well_28_2023-10-20_194819_.jpg,29,D1,1,DMSO
well_29_2023-10-20_194824_.jpg,60,D1,1,DMSO
well_30_2023-10-20_194830_.jpg,78,D1,1,DMSO
well_31_2023-10-20_194836_.jpg,51,D1,1,DMSO
well_32_2023-10-20_194841_.jpg,47,D1,1,DMSO
well_33_2023-10-20_194847_.jpg,39,D1,1,DMSO
well_34_2023-10-20_195419_.jpg,35,D1,1,DMSO
well_35_2023-10-20_195424_.jpg,85,D1,1,DMSO
well_36_2023-10-20_194903_.jpg,86,D1,1,DMSO
well_37_2023-10-20_194909_.jpg,49,D1,1,DMSO
well_38_2023-10-20_194915_.jpg,42,D1,1,DMSO
well_39_2023-10-20_195447_.jpg,8,D1,1,DMSO
well_41_2023-10-20_194931_.jpg,25,D1,1,DMSO
well_42_2023-10-20_195504_.jpg,68,D1,1,DMSO
well_43_2023-10-20_194942_.jpg,65,D1,1,DMSO
well_44_2023-10-20_194948_.jpg,79,D1,1,DMSO
well_45_2023-10-20_194953_.jpg,52,D1,1,DMSO
well_46_2023-10-20_194959_.jpg,70,D1,1,DMSO
well_47_2023-10-20_195532_.jpg,9,D1,1,DMSO
well_48_2023-10-20_195010_.jpg,85,D1,1,DMSO
well_25_2023-10-20_212217_.jpg,1,D3,1,DMSO
well_26_2023-10-20_212223_.jpg,65,D3,1,DMSO
well_27_2023-10-20_212229_.jpg,89,D3,1,DMSO
well_28_2023-10-20_212234_.jpg,70,D3,1,DMSO
well_29_2023-10-20_212240_.jpg,57,D3,1,DMSO
well_30_2023-10-20_212245_.jpg,75,D3,1,DMSO
well_31_2023-10-20_212251_.jpg,100,D3,1,DMSO
well_32_2023-10-20_212256_.jpg,56,D3,1,DMSO
well_33_2023-10-20_212302_.jpg,54,D3,1,DMSO
well_34_2023-10-20_212307_.jpg,47,D3,1,DMSO
well_35_2023-10-20_212313_.jpg,113,D3,1,DMSO
well_36_2023-10-20_212318_.jpg,66,D3,1,DMSO
well_37_2023-10-20_212324_.jpg,61,D3,1,DMSO
well_38_2023-10-20_212330_.jpg,67,D3,1,DMSO
well_39_2023-10-20_212335_.jpg,9,D3,1,DMSO
well_40_2023-10-20_212341_.jpg,51,D3,1,DMSO
well_41_2023-10-20_212346_.jpg,27,D3,1,DMSO
well_42_2023-10-20_212352_.jpg,6,D3,1,DMSO
well_43_2023-10-20_212357_.jpg,0,D3,1,DMSO
well_44_2023-10-20_212403_.jpg,39,D3,1,DMSO
well_45_2023-10-20_212409_.jpg,50,D3,1,DMSO
well_46_2023-10-20_212414_.jpg,69,D3,1,DMSO
well_47_2023-10-20_212420_.jpg,0,D3,1,DMSO
well_2_2023-10-20_204535_.jpg,82,D1,1,Rap_0.1
well_3_2023-10-20_204541_.jpg,49,D1,1,Rap_0.1
well_4_2023-10-20_204546_.jpg,21,D1,1,Rap_0.1
well_5_2023-10-20_204552_.jpg,82,D1,1,Rap_0.1
well_6_2023-10-20_204557_.jpg,77,D1,1,Rap_0.1
well_7_2023-10-20_204603_.jpg,58,D1,1,Rap_0.1
well_8_2023-10-20_204608_.jpg,40,D1,1,Rap_0.1
well_9_2023-10-20_204614_.jpg,65,D1,1,Rap_0.1
well_10_2023-10-20_204620_.jpg,71,D1,1,Rap_0.1
well_11_2023-10-20_204625_.jpg,67,D1,1,Rap_0.1
well_12_2023-10-20_204631_.jpg,76,D1,1,Rap_0.1
well_13_2023-10-20_204636_.jpg,61,D1,1,Rap_0.1
well_14_2023-10-20_204642_.jpg,72,D1,1,Rap_0.1
well_15_2023-10-20_204647_.jpg,26,D1,1,Rap_0.1
well_16_2023-10-20_204653_.jpg,49,D1,1,Rap_0.1
well_17_2023-10-20_204658_.jpg,65,D1,1,Rap_0.1
well_18_2023-10-20_204704_.jpg,71,D1,1,Rap_0.1
well_19_2023-10-20_204709_.jpg,28,D1,1,Rap_0.1
well_20_2023-10-20_204715_.jpg,42,D1,1,Rap_0.1
well_21_2023-10-20_204721_.jpg,52,D1,1,Rap_0.1
well_22_2023-10-20_204726_.jpg,101,D1,1,Rap_0.1
well_23_2023-10-20_204732_.jpg,1,D1,1,Rap_0.1
well_24_2023-10-20_204737_.jpg,2,D1,1,Rap_0.1
well_2_2023-10-20_213305_.jpg,61,D3,1,Rap_0.1
well_3_2023-10-20_213311_.jpg,30,D3,1,Rap_0.1
well_4_2023-10-20_213316_.jpg,33,D3,1,Rap_0.1
well_5_2023-10-20_213322_.jpg,69,D3,1,Rap_0.1
well_6_2023-10-20_213327_.jpg,56,D3,1,Rap_0.1
well_7_2023-10-20_213333_.jpg,12,D3,1,Rap_0.1
well_8_2023-10-20_213338_.jpg,28,D3,1,Rap_0.1
well_9_2023-10-20_213344_.jpg,11,D3,1,Rap_0.1
well_10_2023-10-20_213349_.jpg,6,D3,1,Rap_0.1
well_11_2023-10-20_213355_.jpg,53,D3,1,Rap_0.1
well_12_2023-10-20_213401_.jpg,14,D3,1,Rap_0.1
well_13_2023-10-20_213406_.jpg,39,D3,1,Rap_0.1
well_14_2023-10-20_213412_.jpg,10,D3,1,Rap_0.1
well_15_2023-10-20_213417_.jpg,26,D3,1,Rap_0.1
well_16_2023-10-20_213423_.jpg,17,D3,1,Rap_0.1
well_17_2023-10-20_213428_.jpg,17,D3,1,Rap_0.1
well_18_2023-10-20_213434_.jpg,6,D3,1,Rap_0.1
well_19_2023-10-20_213439_.jpg,0,D3,1,Rap_0.1
well_20_2023-10-20_213445_.jpg,1,D3,1,Rap_0.1
well_21_2023-10-20_213451_.jpg,1,D3,1,Rap_0.1
well_22_2023-10-20_213456_.jpg,4,D3,1,Rap_0.1
well_23_2023-10-20_213502_.jpg,1,D3,1,Rap_0.1
well_24_2023-10-20_213507_.jpg,15,D3,1,Rap_0.1
well_25_2023-10-20_204743_.jpg,1,D1,1,Rap_25
well_26_2023-10-20_204748_.jpg,0,D1,1,Rap_25
well_27_2023-10-20_204754_.jpg,45,D1,1,Rap_25
well_28_2023-10-20_204759_.jpg,29,D1,1,Rap_25
well_29_2023-10-20_204805_.jpg,3,D1,1,Rap_25
well_30_2023-10-20_204810_.jpg,3,D1,1,Rap_25
well_31_2023-10-20_204816_.jpg,37,D1,1,Rap_25
well_32_2023-10-20_204821_.jpg,74,D1,1,Rap_25
well_33_2023-10-20_204827_.jpg,49,D1,1,Rap_25
well_34_2023-10-20_204832_.jpg,2,D1,1,Rap_25
well_35_2023-10-20_204838_.jpg,3,D1,1,Rap_25
well_36_2023-10-20_204843_.jpg,50,D1,1,Rap_25
well_37_2023-10-20_204849_.jpg,19,D1,1,Rap_25
well_38_2023-10-20_204855_.jpg,67,D1,1,Rap_25
well_39_2023-10-20_204900_.jpg,41,D1,1,Rap_25
well_40_2023-10-20_204906_.jpg,32,D1,1,Rap_25
well_41_2023-10-20_204911_.jpg,57,D1,1,Rap_25
well_42_2023-10-20_204917_.jpg,73,D1,1,Rap_25
well_43_2023-10-20_204922_.jpg,17,D1,1,Rap_25
well_44_2023-10-20_204928_.jpg,63,D1,1,Rap_25
well_45_2023-10-20_204934_.jpg,82,D1,1,Rap_25
well_46_2023-10-20_204939_.jpg,88,D1,1,Rap_25
well_47_2023-10-20_204945_.jpg,2,D1,1,Rap_25
well_48_2023-10-20_204951_.jpg,39,D1,1,Rap_25
well_25_2023-10-20_213513_.jpg,1,D3,1,Rap_25
well_26_2023-10-20_213518_.jpg,2,D3,1,Rap_25
well_27_2023-10-20_213524_.jpg,5,D3,1,Rap_25
well_28_2023-10-20_213529_.jpg,3,D3,1,Rap_25
well_29_2023-10-20_213535_.jpg,2,D3,1,Rap_25
well_30_2023-10-20_213540_.jpg,29,D3,1,Rap_25
well_31_2023-10-20_213546_.jpg,0,D3,1,Rap_25
well_32_2023-10-20_213552_.jpg,5,D3,1,Rap_25
well_33_2023-10-20_213557_.jpg,1,D3,1,Rap_25
well_34_2023-10-20_213603_.jpg,0,D3,1,Rap_25
well_35_2023-10-20_213608_.jpg,1,D3,1,Rap_25
well_36_2023-10-20_213614_.jpg,2,D3,1,Rap_25
well_37_2023-10-20_213620_.jpg,35,D3,1,Rap_25
well_38_2023-10-20_213625_.jpg,4,D3,1,Rap_25
well_39_2023-10-20_213631_.jpg,1,D3,1,Rap_25
well_40_2023-10-20_213636_.jpg,0,D3,1,Rap_25
well_41_2023-10-20_213642_.jpg,1,D3,1,Rap_25
well_42_2023-10-20_213647_.jpg,0,D3,1,Rap_25
well_43_2023-10-20_213653_.jpg,0,D3,1,Rap_25
well_44_2023-10-20_213659_.jpg,3,D3,1,Rap_25
well_45_2023-10-20_213704_.jpg,3,D3,1,Rap_25
well_46_2023-10-20_213710_.jpg,1,D3,1,Rap_25
well_47_2023-10-20_213715_.jpg,1,D3,1,Rap_25
well_48_2023-10-20_213721_.jpg,0,D3,1,Rap_25
well_25_2023-11-09_141105_.jpg,33,D1,2,DMSO
well_26_2023-11-09_141110_.jpg,22,D1,2,DMSO
well_27_2023-11-09_141116_.jpg,16,D1,2,DMSO
well_28_2023-11-09_141121_.jpg,33,D1,2,DMSO
well_29_2023-11-09_141127_.jpg,25,D1,2,DMSO
well_30_2023-11-09_141133_.jpg,30,D1,2,DMSO
well_31_2023-11-09_141138_.jpg,8,D1,2,DMSO
well_32_2023-11-09_141144_.jpg,19,D1,2,DMSO
well_33_2023-11-09_141149_.jpg,8,D1,2,DMSO
well_34_2023-11-09_141155_.jpg,25,D1,2,DMSO
well_35_2023-11-09_141201_.jpg,34,D1,2,DMSO
well_36_2023-11-09_141206_.jpg,62,D1,2,DMSO
well_37_2023-11-09_141212_.jpg,33,D1,2,DMSO
well_38_2023-11-09_141217_.jpg,66,D1,2,DMSO
well_39_2023-11-09_141223_.jpg,32,D1,2,DMSO
well_40_2023-11-09_141229_.jpg,50,D1,2,DMSO
well_41_2023-11-09_141234_.jpg,46,D1,2,DMSO
well_42_2023-11-09_141240_.jpg,32,D1,2,DMSO
well_43_2023-11-09_141245_.jpg,45,D1,2,DMSO
well_44_2023-11-09_141251_.jpg,79,D1,2,DMSO
well_45_2023-11-09_141256_.jpg,18,D1,2,DMSO
well_46_2023-11-09_141302_.jpg,19,D1,2,DMSO
well_47_2023-11-09_141308_.jpg,21,D1,2,DMSO
well_48_2023-11-09_141313_.jpg,52,D1,2,DMSO
well_25_2023-11-09_154450_.jpg,48,D3,2,DMSO
well_26_2023-11-09_154456_.jpg,87,D3,2,DMSO
well_27_2023-11-09_154501_.jpg,10,D3,2,DMSO
well_28_2023-11-09_154507_.jpg,89,D3,2,DMSO
well_29_2023-11-09_154512_.jpg,79,D3,2,DMSO
well_30_2023-11-09_154518_.jpg,99,D3,2,DMSO
well_31_2023-11-09_154524_.jpg,87,D3,2,DMSO
well_32_2023-11-09_154529_.jpg,68,D3,2,DMSO
well_33_2023-11-09_154535_.jpg,67,D3,2,DMSO
well_34_2023-11-09_154540_.jpg,56,D3,2,DMSO
well_35_2023-11-09_154546_.jpg,70,D3,2,DMSO
well_36_2023-11-09_154551_.jpg,98,D3,2,DMSO
well_37_2023-11-09_154557_.jpg,78,D3,2,DMSO
well_38_2023-11-09_154603_.jpg,85,D3,2,DMSO
well_39_2023-11-09_154608_.jpg,53,D3,2,DMSO
well_40_2023-11-09_154614_.jpg,76,D3,2,DMSO
well_41_2023-11-09_154620_.jpg,62,D3,2,DMSO
well_42_2023-11-09_154625_.jpg,85,D3,2,DMSO
well_43_2023-11-09_154631_.jpg,65,D3,2,DMSO
well_44_2023-11-09_154636_.jpg,96,D3,2,DMSO
well_45_2023-11-09_154642_.jpg,65,D3,2,DMSO
well_25_2023-12-13_143427_.jpg,2,D7,2,DMSO
well_26_2023-12-13_143432_.jpg,34,D7,2,DMSO
well_27_2023-12-13_143438_.jpg,28,D7,2,DMSO
well_28_2023-12-13_143443_.jpg,35,D7,2,DMSO
well_29_2023-12-13_143449_.jpg,8,D7,2,DMSO
well_30_2023-12-13_143455_.jpg,22,D7,2,DMSO
well_31_2023-12-13_143500_.jpg,40,D7,2,DMSO
well_32_2023-12-13_143506_.jpg,33,D7,2,DMSO
well_33_2023-12-13_143511_.jpg,14,D7,2,DMSO
well_34_2023-12-13_143517_.jpg,15,D7,2,DMSO
well_35_2023-12-13_143522_.jpg,8,D7,2,DMSO
well_36_2023-12-13_143528_.jpg,10,D7,2,DMSO
well_37_2023-12-13_143534_.jpg,12,D7,2,DMSO
well_38_2023-12-13_143539_.jpg,12,D7,2,DMSO
well_39_2023-12-13_143545_.jpg,11,D7,2,DMSO
well_40_2023-12-13_143550_.jpg,5,D7,2,DMSO
well_41_2023-12-13_143556_.jpg,16,D7,2,DMSO
well_42_2023-12-13_143601_.jpg,8,D7,2,DMSO
well_43_2023-12-13_143607_.jpg,13,D7,2,DMSO
well_44_2023-12-13_143612_.jpg,15,D7,2,DMSO
well_45_2023-12-13_143618_.jpg,13,D7,2,DMSO
well_46_2023-12-13_143623_.jpg,15,D7,2,DMSO
well_47_2023-12-13_143629_.jpg,15,D7,2,DMSO
well_48_2023-12-13_143634_.jpg,5,D7,2,DMSO
well_1_2023-11-09_142104_.jpg,14,D1,2,Rap_0.1
well_2_2023-11-09_142109_.jpg,6,D1,2,Rap_0.1
well_3_2023-11-09_142115_.jpg,11,D1,2,Rap_0.1
well_4_2023-11-09_142120_.jpg,10,D1,2,Rap_0.1
well_5_2023-11-09_142126_.jpg,8,D1,2,Rap_0.1
well_6_2023-11-09_142131_.jpg,22,D1,2,Rap_0.1
well_7_2023-11-09_142137_.jpg,8,D1,2,Rap_0.1
well_8_2023-11-09_142143_.jpg,18,D1,2,Rap_0.1
well_9_2023-11-09_142148_.jpg,17,D1,2,Rap_0.1
well_10_2023-11-09_142154_.jpg,7,D1,2,Rap_0.1
well_11_2023-11-09_142200_.jpg,5,D1,2,Rap_0.1
well_12_2023-11-09_142205_.jpg,21,D1,2,Rap_0.1
well_13_2023-11-09_142211_.jpg,19,D1,2,Rap_0.1
well_14_2023-11-09_142216_.jpg,7,D1,2,Rap_0.1
well_15_2023-11-09_142222_.jpg,8,D1,2,Rap_0.1
well_16_2023-11-09_142228_.jpg,16,D1,2,Rap_0.1
well_17_2023-11-09_142233_.jpg,20,D1,2,Rap_0.1
well_18_2023-11-09_142239_.jpg,58,D1,2,Rap_0.1
well_19_2023-11-09_142244_.jpg,26,D1,2,Rap_0.1
well_20_2023-11-09_142250_.jpg,1,D1,2,Rap_0.1
well_21_2023-11-09_142255_.jpg,16,D1,2,Rap_0.1
well_22_2023-11-09_142301_.jpg,0,D1,2,Rap_0.1
well_23_2023-11-09_142307_.jpg,6,D1,2,Rap_0.1
well_24_2023-11-09_142312_.jpg,26,D1,2,Rap_0.1
well_1_2023-11-09_151520_.jpg,70,D3,2,Rap_0.1
well_2_2023-11-09_151058_.jpg,93,D3,2,Rap_0.1
well_3_2023-11-09_151103_.jpg,53,D3,2,Rap_0.1
well_4_2023-11-09_151109_.jpg,37,D3,2,Rap_0.1
well_5_2023-11-09_151114_.jpg,20,D3,2,Rap_0.1
well_6_2023-11-09_151120_.jpg,95,D3,2,Rap_0.1
well_7_2023-11-09_151125_.jpg,59,D3,2,Rap_0.1
well_8_2023-11-09_151131_.jpg,38,D3,2,Rap_0.1
well_9_2023-11-09_151136_.jpg,34,D3,2,Rap_0.1
well_10_2023-11-09_151142_.jpg,53,D3,2,Rap_0.1
well_11_2023-11-09_151148_.jpg,67,D3,2,Rap_0.1
well_12_2023-11-09_151153_.jpg,7,D3,2,Rap_0.1
well_13_2023-11-09_151159_.jpg,74,D3,2,Rap_0.1
well_14_2023-11-09_151204_.jpg,0,D3,2,Rap_0.1
well_15_2023-11-09_151210_.jpg,96,D3,2,Rap_0.1
well_16_2023-11-09_151216_.jpg,34,D3,2,Rap_0.1
well_17_2023-11-09_151221_.jpg,59,D3,2,Rap_0.1
well_18_2023-11-09_151227_.jpg,5,D3,2,Rap_0.1
well_19_2023-11-09_151232_.jpg,15,D3,2,Rap_0.1
well_20_2023-11-09_151238_.jpg,41,D3,2,Rap_0.1
well_21_2023-11-09_151244_.jpg,44,D3,2,Rap_0.1
well_22_2023-11-09_151249_.jpg,31,D3,2,Rap_0.1
well_23_2023-11-09_151255_.jpg,31,D3,2,Rap_0.1
well_24_2023-11-09_151300_.jpg,66,D3,2,Rap_0.1
well_1_2023-12-13_141428_.jpg,4,D7,2,Rap_0.1
well_2_2023-12-13_141434_.jpg,2,D7,2,Rap_0.1
well_3_2023-12-13_141440_.jpg,7,D7,2,Rap_0.1
well_4_2023-12-13_141446_.jpg,7,D7,2,Rap_0.1
well_5_2023-12-13_141451_.jpg,21,D7,2,Rap_0.1
well_6_2023-12-13_141457_.jpg,3,D7,2,Rap_0.1
well_7_2023-12-13_141503_.jpg,21,D7,2,Rap_0.1
well_8_2023-12-13_141508_.jpg,12,D7,2,Rap_0.1
well_9_2023-12-13_141514_.jpg,27,D7,2,Rap_0.1
well_10_2023-12-13_141519_.jpg,2,D7,2,Rap_0.1
well_11_2023-12-13_141525_.jpg,34,D7,2,Rap_0.1
well_12_2023-12-13_141530_.jpg,43,D7,2,Rap_0.1
well_13_2023-12-13_141536_.jpg,15,D7,2,Rap_0.1
well_14_2023-12-13_141542_.jpg,8,D7,2,Rap_0.1
well_15_2023-12-13_141547_.jpg,10,D7,2,Rap_0.1
well_16_2023-12-13_141553_.jpg,31,D7,2,Rap_0.1
well_17_2023-12-13_141558_.jpg,0,D7,2,Rap_0.1
well_18_2023-12-13_141604_.jpg,2,D7,2,Rap_0.1
well_19_2023-12-13_141609_.jpg,3,D7,2,Rap_0.1
well_20_2023-12-13_141615_.jpg,1,D7,2,Rap_0.1
well_21_2023-12-13_141621_.jpg,5,D7,2,Rap_0.1
well_22_2023-12-13_141626_.jpg,1,D7,2,Rap_0.1
well_23_2023-12-13_141632_.jpg,3,D7,2,Rap_0.1
well_24_2023-12-13_141637_.jpg,4,D7,2,Rap_0.1
well_25_2023-11-09_142318_.jpg,23,D1,2,Rap_25
well_26_2023-11-09_142323_.jpg,8,D1,2,Rap_25
well_27_2023-11-09_142329_.jpg,21,D1,2,Rap_25
well_28_2023-11-09_142334_.jpg,21,D1,2,Rap_25
well_29_2023-11-09_142340_.jpg,10,D1,2,Rap_25
well_30_2023-11-09_142345_.jpg,10,D1,2,Rap_25
well_31_2023-11-09_142351_.jpg,18,D1,2,Rap_25
well_32_2023-11-09_142357_.jpg,9,D1,2,Rap_25
well_33_2023-11-09_142402_.jpg,22,D1,2,Rap_25
well_34_2023-11-09_142408_.jpg,0,D1,2,Rap_25
well_35_2023-11-09_142413_.jpg,8,D1,2,Rap_25
well_36_2023-11-09_142419_.jpg,5,D1,2,Rap_25
well_37_2023-11-09_142424_.jpg,1,D1,2,Rap_25
well_38_2023-11-09_142430_.jpg,23,D1,2,Rap_25
well_39_2023-11-09_142435_.jpg,7,D1,2,Rap_25
well_40_2023-11-09_142441_.jpg,24,D1,2,Rap_25
well_41_2023-11-09_142447_.jpg,19,D1,2,Rap_25
well_42_2023-11-09_142452_.jpg,22,D1,2,Rap_25
well_43_2023-11-09_142458_.jpg,9,D1,2,Rap_25
well_44_2023-11-09_142504_.jpg,4,D1,2,Rap_25
well_45_2023-11-09_142509_.jpg,2,D1,2,Rap_25
well_46_2023-11-09_142515_.jpg,28,D1,2,Rap_25
well_47_2023-11-09_142520_.jpg,10,D1,2,Rap_25
well_48_2023-11-09_142526_.jpg,21,D1,2,Rap_25
well_25_2023-11-09_151306_.jpg,1,D3,2,Rap_25
well_26_2023-11-09_151311_.jpg,18,D3,2,Rap_25
well_27_2023-11-09_151317_.jpg,18,D3,2,Rap_25
well_28_2023-11-09_151323_.jpg,33,D3,2,Rap_25
well_29_2023-11-09_151328_.jpg,20,D3,2,Rap_25
well_30_2023-11-09_151334_.jpg,6,D3,2,Rap_25
well_31_2023-11-09_151339_.jpg,0,D3,2,Rap_25
well_32_2023-11-09_151345_.jpg,7,D3,2,Rap_25
well_33_2023-11-09_151350_.jpg,6,D3,2,Rap_25
well_34_2023-11-09_151356_.jpg,15,D3,2,Rap_25
well_35_2023-11-09_151402_.jpg,18,D3,2,Rap_25
well_36_2023-11-09_151407_.jpg,39,D3,2,Rap_25
well_37_2023-11-09_151413_.jpg,2,D3,2,Rap_25
well_38_2023-11-09_151418_.jpg,14,D3,2,Rap_25
well_39_2023-11-09_151424_.jpg,17,D3,2,Rap_25
well_40_2023-11-09_151430_.jpg,18,D3,2,Rap_25
well_41_2023-11-09_151435_.jpg,44,D3,2,Rap_25
well_42_2023-11-09_151441_.jpg,2,D3,2,Rap_25
well_43_2023-11-09_151446_.jpg,7,D3,2,Rap_25
well_44_2023-11-09_151452_.jpg,12,D3,2,Rap_25
well_45_2023-11-09_151458_.jpg,25,D3,2,Rap_25
well_46_2023-11-09_151503_.jpg,0,D3,2,Rap_25
well_47_2023-11-09_151509_.jpg,2,D3,2,Rap_25
well_48_2023-11-09_151514_.jpg,11,D3,2,Rap_25
well_17_2023-11-09_165946_.jpg,98,D1,3,DMSO
well_18_2023-11-09_165951_.jpg,112,D1,3,DMSO
well_19_2023-11-09_165957_.jpg,72,D1,3,DMSO
well_20_2023-11-09_170002_.jpg,70,D1,3,DMSO
well_21_2023-11-09_170008_.jpg,39,D1,3,DMSO
well_22_2023-11-09_170014_.jpg,94,D1,3,DMSO
well_23_2023-11-09_170019_.jpg,62,D1,3,DMSO
well_24_2023-11-09_170025_.jpg,84,D1,3,DMSO
well_25_2023-11-09_170030_.jpg,54,D1,3,DMSO
well_26_2023-11-09_170036_.jpg,104,D1,3,DMSO
well_27_2023-11-09_170042_.jpg,66,D1,3,DMSO
well_28_2023-11-09_170047_.jpg,71,D1,3,DMSO
well_29_2023-11-09_170053_.jpg,79,D1,3,DMSO
well_30_2023-11-09_170058_.jpg,50,D1,3,DMSO
well_31_2023-11-09_170104_.jpg,34,D1,3,DMSO
well_32_2023-11-09_170110_.jpg,40,D1,3,DMSO
well_17_2023-12-15_154426_.jpg,0,D3,3,DMSO
well_18_2023-12-15_154431_.jpg,3,D3,3,DMSO
well_19_2023-12-15_154437_.jpg,0,D3,3,DMSO
well_20_2023-12-15_154443_.jpg,11,D3,3,DMSO
well_21_2023-12-15_154448_.jpg,3,D3,3,DMSO
well_22_2023-12-15_154454_.jpg,2,D3,3,DMSO
well_23_2023-12-15_154459_.jpg,1,D3,3,DMSO
well_24_2023-12-15_154505_.jpg,0,D3,3,DMSO
well_25_2023-12-15_154510_.jpg,3,D3,3,DMSO
well_26_2023-12-15_154516_.jpg,1,D3,3,DMSO
well_27_2023-12-15_154522_.jpg,0,D3,3,DMSO
well_28_2023-12-15_154527_.jpg,5,D3,3,DMSO
well_29_2023-12-15_154533_.jpg,0,D3,3,DMSO
well_30_2023-12-15_154538_.jpg,1,D3,3,DMSO
well_31_2023-12-15_154544_.jpg,1,D3,3,DMSO
well_32_2023-12-15_154550_.jpg,1,D3,3,DMSO
well_2_2023-11-09_170817_.jpg,82,D1,3,Rap_0.1
well_3_2023-11-09_170822_.jpg,86,D1,3,Rap_0.1
well_4_2023-11-09_170828_.jpg,59,D1,3,Rap_0.1
well_5_2023-11-09_170833_.jpg,69,D1,3,Rap_0.1
well_6_2023-11-09_170839_.jpg,67,D1,3,Rap_0.1
well_7_2023-11-09_170845_.jpg,64,D1,3,Rap_0.1
well_9_2023-11-09_170856_.jpg,35,D1,3,Rap_0.1
well_10_2023-11-09_170901_.jpg,65,D1,3,Rap_0.1
well_11_2023-11-09_170907_.jpg,39,D1,3,Rap_0.1
well_12_2023-11-09_170913_.jpg,47,D1,3,Rap_0.1
well_13_2023-11-09_170918_.jpg,48,D1,3,Rap_0.1
well_14_2023-11-09_170924_.jpg,63,D1,3,Rap_0.1
well_15_2023-11-09_170929_.jpg,72,D1,3,Rap_0.1
well_16_2023-11-09_170935_.jpg,38,D1,3,Rap_0.1
well_2_2023-12-15_160255_.jpg,41,D3,3,Rap_0.1
well_3_2023-12-15_160300_.jpg,42,D3,3,Rap_0.1
well_4_2023-12-15_160306_.jpg,52,D3,3,Rap_0.1
well_5_2023-12-15_160311_.jpg,0,D3,3,Rap_0.1
well_6_2023-12-15_160317_.jpg,30,D3,3,Rap_0.1
well_7_2023-12-15_160322_.jpg,9,D3,3,Rap_0.1
well_9_2023-12-15_160333_.jpg,26,D3,3,Rap_0.1
well_10_2023-12-15_160339_.jpg,42,D3,3,Rap_0.1
well_11_2023-12-15_160345_.jpg,36,D3,3,Rap_0.1
well_12_2023-12-15_160350_.jpg,72,D3,3,Rap_0.1
well_13_2023-12-15_160356_.jpg,46,D3,3,Rap_0.1
well_14_2023-12-15_160401_.jpg,13,D3,3,Rap_0.1
well_15_2023-12-15_160407_.jpg,24,D3,3,Rap_0.1
well_16_2023-12-15_160412_.jpg,17,D3,3,Rap_0.1
well_17_2023-11-09_170941_.jpg,42,D1,3,Rap_10
well_18_2023-11-09_170946_.jpg,42,D1,3,Rap_10
well_19_2023-11-09_170952_.jpg,45,D1,3,Rap_10
well_20_2023-11-09_170958_.jpg,46,D1,3,Rap_10
well_21_2023-11-09_171003_.jpg,65,D1,3,Rap_10
well_22_2023-11-09_171009_.jpg,60,D1,3,Rap_10
well_23_2023-11-09_171014_.jpg,83,D1,3,Rap_10
well_24_2023-11-09_171020_.jpg,28,D1,3,Rap_10
well_25_2023-11-09_171026_.jpg,31,D1,3,Rap_10
well_26_2023-11-09_171032_.jpg,60,D1,3,Rap_10
well_27_2023-11-09_171037_.jpg,68,D1,3,Rap_10
well_28_2023-11-09_171043_.jpg,25,D1,3,Rap_10
well_29_2023-11-09_171048_.jpg,49,D1,3,Rap_10
well_30_2023-11-09_171054_.jpg,65,D1,3,Rap_10
well_31_2023-11-09_171059_.jpg,56,D1,3,Rap_10
well_32_2023-11-09_171105_.jpg,79,D1,3,Rap_10
well_17_2023-12-15_160418_.jpg,2,D3,3,Rap_10
well_18_2023-12-15_160424_.jpg,39,D3,3,Rap_10
well_19_2023-12-15_160429_.jpg,33,D3,3,Rap_10
well_20_2023-12-15_160435_.jpg,20,D3,3,Rap_10
well_21_2023-12-15_160440_.jpg,0,D3,3,Rap_10
well_22_2023-12-15_160446_.jpg,24,D3,3,Rap_10
well_23_2023-12-15_160452_.jpg,18,D3,3,Rap_10
well_24_2023-12-15_160457_.jpg,6,D3,3,Rap_10
well_25_2023-12-15_160503_.jpg,32,D3,3,Rap_10
well_26_2023-12-15_160508_.jpg,30,D3,3,Rap_10
well_27_2023-12-15_160514_.jpg,15,D3,3,Rap_10
well_28_2023-12-15_160519_.jpg,57,D3,3,Rap_10
well_29_2023-12-15_160525_.jpg,12,D3,3,Rap_10
well_30_2023-12-15_160531_.jpg,6,D3,3,Rap_10
well_31_2023-12-15_160536_.jpg,15,D3,3,Rap_10
well_32_2023-12-15_160542_.jpg,22,D3,3,Rap_10
well_33_2023-11-09_171111_.jpg,6,D1,3,Rap_25
well_34_2023-11-09_171116_.jpg,39,D1,3,Rap_25
well_35_2023-11-09_171122_.jpg,42,D1,3,Rap_25
well_36_2023-11-09_171127_.jpg,50,D1,3,Rap_25
well_37_2023-11-09_171133_.jpg,49,D1,3,Rap_25
well_38_2023-11-09_171138_.jpg,58,D1,3,Rap_25
well_39_2023-11-09_171144_.jpg,57,D1,3,Rap_25
well_40_2023-11-09_171150_.jpg,37,D1,3,Rap_25
well_42_2023-11-09_171201_.jpg,64,D1,3,Rap_25
well_43_2023-11-09_171206_.jpg,16,D1,3,Rap_25
well_44_2023-11-09_171212_.jpg,52,D1,3,Rap_25
well_45_2023-11-09_171217_.jpg,28,D1,3,Rap_25
well_46_2023-11-09_171223_.jpg,45,D1,3,Rap_25
well_47_2023-11-09_171229_.jpg,34,D1,3,Rap_25
well_33_2023-12-15_160547_.jpg,0,D3,3,Rap_25
well_34_2023-12-15_160553_.jpg,2,D3,3,Rap_25
well_35_2023-12-15_160559_.jpg,3,D3,3,Rap_25
well_36_2023-12-15_160604_.jpg,1,D3,3,Rap_25
well_37_2023-12-15_160610_.jpg,4,D3,3,Rap_25
well_38_2023-12-15_160615_.jpg,4,D3,3,Rap_25
well_39_2023-12-15_160621_.jpg,3,D3,3,Rap_25
well_40_2023-12-15_160627_.jpg,1,D3,3,Rap_25
well_42_2023-12-15_160638_.jpg,0,D3,3,Rap_25
well_43_2023-12-15_160643_.jpg,1,D3,3,Rap_25
well_44_2023-12-15_160649_.jpg,3,D3,3,Rap_25
well_45_2023-12-15_160654_.jpg,1,D3,3,Rap_25
well_46_2023-12-15_160700_.jpg,1,D3,3,Rap_25
well_47_2023-12-15_160705_.jpg,1,D3,3,Rap_25
well_17_2023-12-15_155430_.jpg,21,D1,4,DMSO
well_18_2023-12-15_155436_.jpg,22,D1,4,DMSO
well_19_2023-12-15_155441_.jpg,0,D1,4,DMSO
well_20_2023-12-15_155447_.jpg,51,D1,4,DMSO
well_21_2023-12-15_155453_.jpg,19,D1,4,DMSO
well_22_2023-12-15_155458_.jpg,32,D1,4,DMSO
well_23_2023-12-15_155504_.jpg,15,D1,4,DMSO
well_24_2023-12-15_155509_.jpg,2,D1,4,DMSO
well_25_2023-12-15_155515_.jpg,25,D1,4,DMSO
well_26_2023-12-15_155521_.jpg,27,D1,4,DMSO
well_27_2023-12-15_155526_.jpg,84,D1,4,DMSO
well_28_2023-12-15_155532_.jpg,35,D1,4,DMSO
well_29_2023-12-15_155537_.jpg,39,D1,4,DMSO
well_30_2023-12-15_155543_.jpg,27,D1,4,DMSO
well_31_2023-12-15_155548_.jpg,30,D1,4,DMSO
well_32_2023-12-15_155554_.jpg,28,D1,4,DMSO
well_17_2023-12-20_141850_.jpg,51,D3,4,DMSO
well_18_2023-12-20_141856_.jpg,75,D3,4,DMSO
well_19_2023-12-20_141901_.jpg,72,D3,4,DMSO
well_20_2023-12-20_141907_.jpg,79,D3,4,DMSO
well_21_2023-12-20_141912_.jpg,61,D3,4,DMSO
well_22_2023-12-20_141918_.jpg,42,D3,4,DMSO
well_23_2023-12-20_141923_.jpg,73,D3,4,DMSO
well_24_2023-12-20_141929_.jpg,47,D3,4,DMSO
well_25_2023-12-20_141935_.jpg,57,D3,4,DMSO
well_26_2023-12-20_141940_.jpg,50,D3,4,DMSO
well_27_2023-12-20_141946_.jpg,32,D3,4,DMSO
well_28_2023-12-20_141951_.jpg,52,D3,4,DMSO
well_29_2023-12-20_141957_.jpg,43,D3,4,DMSO
well_30_2023-12-20_142002_.jpg,60,D3,4,DMSO
well_31_2023-12-20_142008_.jpg,58,D3,4,DMSO
well_32_2023-12-20_142013_.jpg,40,D3,4,DMSO
well_17_2023-12-20_172018_.jpg,24,D7,4,DMSO
well_18_2023-12-20_172023_.jpg,8,D7,4,DMSO
well_19_2023-12-20_172029_.jpg,29,D7,4,DMSO
well_20_2023-12-20_172035_.jpg,13,D7,4,DMSO
well_21_2023-12-20_172040_.jpg,21,D7,4,DMSO
well_22_2023-12-20_172046_.jpg,18,D7,4,DMSO
well_23_2023-12-20_172052_.jpg,41,D7,4,DMSO
well_24_2023-12-20_172057_.jpg,56,D7,4,DMSO
well_25_2023-12-20_172103_.jpg,28,D7,4,DMSO
well_26_2023-12-20_172108_.jpg,27,D7,4,DMSO
well_27_2023-12-20_172114_.jpg,19,D7,4,DMSO
well_28_2023-12-20_172119_.jpg,14,D7,4,DMSO
well_29_2023-12-20_172125_.jpg,25,D7,4,DMSO
well_30_2023-12-20_172131_.jpg,37,D7,4,DMSO
well_31_2023-12-20_172136_.jpg,60,D7,4,DMSO
well_32_2023-12-20_172142_.jpg,33,D7,4,DMSO
well_2_2023-12-15_161204_.jpg,30,D1,4,Rap_0.1
well_3_2023-12-15_161209_.jpg,32,D1,4,Rap_0.1
well_4_2023-12-15_161215_.jpg,7,D1,4,Rap_0.1
well_5_2023-12-15_161221_.jpg,5,D1,4,Rap_0.1
well_6_2023-12-15_161226_.jpg,7,D1,4,Rap_0.1
well_7_2023-12-15_161232_.jpg,17,D1,4,Rap_0.1
well_9_2023-12-15_161243_.jpg,28,D1,4,Rap_0.1
well_10_2023-12-15_161248_.jpg,13,D1,4,Rap_0.1
well_11_2023-12-15_161254_.jpg,24,D1,4,Rap_0.1
well_12_2023-12-15_161259_.jpg,20,D1,4,Rap_0.1
well_13_2023-12-15_161305_.jpg,5,D1,4,Rap_0.1
well_14_2023-12-15_161311_.jpg,17,D1,4,Rap_0.1
well_15_2023-12-15_161316_.jpg,12,D1,4,Rap_0.1
well_16_2023-12-15_161322_.jpg,27,D1,4,Rap_0.1
well_2_2023-12-20_134544_.jpg,0,D3,4,Rap_0.1
well_3_2023-12-20_134550_.jpg,0,D3,4,Rap_0.1
well_4_2023-12-20_134555_.jpg,7,D3,4,Rap_0.1
well_5_2023-12-20_134601_.jpg,1,D3,4,Rap_0.1
well_6_2023-12-20_134606_.jpg,2,D3,4,Rap_0.1
well_7_2023-12-20_134612_.jpg,15,D3,4,Rap_0.1
well_9_2023-12-20_134623_.jpg,3,D3,4,Rap_0.1
well_10_2023-12-20_134629_.jpg,3,D3,4,Rap_0.1
well_11_2023-12-20_134634_.jpg,1,D3,4,Rap_0.1
well_12_2023-12-20_134640_.jpg,14,D3,4,Rap_0.1
well_13_2023-12-20_134645_.jpg,17,D3,4,Rap_0.1
well_14_2023-12-20_134651_.jpg,11,D3,4,Rap_0.1
well_15_2023-12-20_134656_.jpg,0,D3,4,Rap_0.1
well_16_2023-12-20_134702_.jpg,6,D3,4,Rap_0.1
well_2_2023-12-20_183652_.jpg,61,D7,4,Rap_0.1
well_3_2023-12-20_183658_.jpg,42,D7,4,Rap_0.1
well_4_2023-12-20_183703_.jpg,12,D7,4,Rap_0.1
well_5_2023-12-20_183709_.jpg,43,D7,4,Rap_0.1
well_6_2023-12-20_183714_.jpg,46,D7,4,Rap_0.1
well_7_2023-12-20_183720_.jpg,62,D7,4,Rap_0.1
well_9_2023-12-20_183731_.jpg,74,D7,4,Rap_0.1
well_10_2023-12-20_183736_.jpg,7,D7,4,Rap_0.1
well_11_2023-12-20_183742_.jpg,50,D7,4,Rap_0.1
well_12_2023-12-20_183748_.jpg,23,D7,4,Rap_0.1
well_13_2023-12-20_183753_.jpg,61,D7,4,Rap_0.1
well_14_2023-12-20_183759_.jpg,36,D7,4,Rap_0.1
well_15_2023-12-20_183804_.jpg,21,D7,4,Rap_0.1
well_16_2023-12-20_183810_.jpg,20,D7,4,Rap_0.1
well_17_2023-12-15_161327_.jpg,9,D1,4,Rap_10
well_18_2023-12-15_161333_.jpg,17,D1,4,Rap_10
well_19_2023-12-15_161338_.jpg,23,D1,4,Rap_10
well_20_2023-12-15_161344_.jpg,19,D1,4,Rap_10
well_21_2023-12-15_161350_.jpg,9,D1,4,Rap_10
well_22_2023-12-15_161355_.jpg,19,D1,4,Rap_10
well_23_2023-12-15_161401_.jpg,10,D1,4,Rap_10
well_24_2023-12-15_161407_.jpg,11,D1,4,Rap_10
well_25_2023-12-15_161412_.jpg,40,D1,4,Rap_10
well_26_2023-12-15_161418_.jpg,30,D1,4,Rap_10
well_27_2023-12-15_161423_.jpg,4,D1,4,Rap_10
well_28_2023-12-15_161429_.jpg,33,D1,4,Rap_10
well_29_2023-12-15_161434_.jpg,26,D1,4,Rap_10
well_30_2023-12-15_161440_.jpg,7,D1,4,Rap_10
well_31_2023-12-15_161446_.jpg,4,D1,4,Rap_10
well_32_2023-12-15_161451_.jpg,12,D1,4,Rap_10
well_17_2023-12-20_134708_.jpg,1,D3,4,Rap_10
well_18_2023-12-20_134713_.jpg,20,D3,4,Rap_10
well_19_2023-12-20_134719_.jpg,27,D3,4,Rap_10
well_20_2023-12-20_134724_.jpg,11,D3,4,Rap_10
well_21_2023-12-20_134730_.jpg,2,D3,4,Rap_10
well_22_2023-12-20_134735_.jpg,5,D3,4,Rap_10
well_23_2023-12-20_134741_.jpg,11,D3,4,Rap_10
well_24_2023-12-20_134747_.jpg,0,D3,4,Rap_10
well_25_2023-12-20_134752_.jpg,13,D3,4,Rap_10
well_26_2023-12-20_134758_.jpg,7,D3,4,Rap_10
well_27_2023-12-20_134803_.jpg,21,D3,4,Rap_10
well_28_2023-12-20_134809_.jpg,42,D3,4,Rap_10
well_29_2023-12-20_134814_.jpg,3,D3,4,Rap_10
well_30_2023-12-20_134820_.jpg,8,D3,4,Rap_10
well_31_2023-12-20_134826_.jpg,24,D3,4,Rap_10
well_32_2023-12-20_134831_.jpg,29,D3,4,Rap_10
well_17_2023-12-20_183815_.jpg,1,D7,4,Rap_10
well_18_2023-12-20_183821_.jpg,31,D7,4,Rap_10
well_19_2023-12-20_183826_.jpg,40,D7,4,Rap_10
well_20_2023-12-20_183832_.jpg,17,D7,4,Rap_10
well_21_2023-12-20_183838_.jpg,1,D7,4,Rap_10
well_22_2023-12-20_183843_.jpg,7,D7,4,Rap_10
well_23_2023-12-20_183849_.jpg,6,D7,4,Rap_10
well_24_2023-12-20_183854_.jpg,0,D7,4,Rap_10
well_25_2023-12-20_183900_.jpg,7,D7,4,Rap_10
well_26_2023-12-20_183905_.jpg,21,D7,4,Rap_10
well_27_2023-12-20_183911_.jpg,3,D7,4,Rap_10
well_28_2023-12-20_183917_.jpg,27,D7,4,Rap_10
well_29_2023-12-20_183922_.jpg,1,D7,4,Rap_10
well_30_2023-12-20_183928_.jpg,2,D7,4,Rap_10
well_31_2023-12-20_183933_.jpg,4,D7,4,Rap_10
well_32_2023-12-20_183939_.jpg,15,D7,4,Rap_10
well_33_2023-12-15_161457_.jpg,4,D1,4,Rap_25
well_34_2023-12-15_161502_.jpg,7,D1,4,Rap_25
well_35_2023-12-15_161508_.jpg,22,D1,4,Rap_25
well_36_2023-12-15_161514_.jpg,16,D1,4,Rap_25
well_37_2023-12-15_161519_.jpg,1,D1,4,Rap_25
well_38_2023-12-15_161525_.jpg,14,D1,4,Rap_25
well_39_2023-12-15_161530_.jpg,9,D1,4,Rap_25
well_40_2023-12-15_161536_.jpg,24,D1,4,Rap_25
well_42_2023-12-15_161547_.jpg,40,D1,4,Rap_25
well_43_2023-12-15_161553_.jpg,19,D1,4,Rap_25
well_44_2023-12-15_161558_.jpg,12,D1,4,Rap_25
well_45_2023-12-15_161604_.jpg,11,D1,4,Rap_25
well_46_2023-12-15_161609_.jpg,10,D1,4,Rap_25
well_47_2023-12-15_161615_.jpg,14,D1,4,Rap_25
well_33_2023-12-20_134837_.jpg,7,D3,4,Rap_25
well_34_2023-12-20_134842_.jpg,2,D3,4,Rap_25
well_35_2023-12-20_134848_.jpg,3,D3,4,Rap_25
well_36_2023-12-20_134854_.jpg,10,D3,4,Rap_25
well_37_2023-12-20_134859_.jpg,10,D3,4,Rap_25
well_38_2023-12-20_134905_.jpg,8,D3,4,Rap_25
well_39_2023-12-20_134910_.jpg,7,D3,4,Rap_25
well_40_2023-12-20_134916_.jpg,4,D3,4,Rap_25
well_42_2023-12-20_134927_.jpg,0,D3,4,Rap_25
well_43_2023-12-20_134933_.jpg,4,D3,4,Rap_25
well_44_2023-12-20_134938_.jpg,3,D3,4,Rap_25
well_45_2023-12-20_134944_.jpg,7,D3,4,Rap_25
well_46_2023-12-20_134949_.jpg,4,D3,4,Rap_25
well_47_2023-12-20_134955_.jpg,2,D3,4,Rap_25
well_33_2023-12-20_183944_.jpg,0,D7,4,Rap_25
well_34_2023-12-20_183950_.jpg,0,D7,4,Rap_25
well_35_2023-12-20_183955_.jpg,0,D7,4,Rap_25
well_36_2023-12-20_184001_.jpg,1,D7,4,Rap_25
well_37_2023-12-20_184006_.jpg,1,D7,4,Rap_25
well_38_2023-12-20_184012_.jpg,0,D7,4,Rap_25
well_39_2023-12-20_184018_.jpg,0,D7,4,Rap_25
well_40_2023-12-20_184023_.jpg,3,D7,4,Rap_25
well_42_2023-12-20_184034_.jpg,2,D7,4,Rap_25
well_43_2023-12-20_184040_.jpg,2,D7,4,Rap_25
well_44_2023-12-20_184045_.jpg,0,D7,4,Rap_25
well_45_2023-12-20_184051_.jpg,0,D7,4,Rap_25
well_46_2023-12-20_184056_.jpg,0,D7,4,Rap_25
well_47_2023-12-20_184102_.jpg,0,D7,4,Rap_25
well_17_2024-02-20_104144_.jpg,58,D1,6,DMSO
well_18_2024-02-20_104150_.jpg,20,D1,6,DMSO
well_19_2024-02-20_104156_.jpg,22,D1,6,DMSO
well_20_2024-02-20_104201_.jpg,16,D1,6,DMSO
well_21_2024-02-20_104207_.jpg,29,D1,6,DMSO
well_22_2024-02-20_104212_.jpg,0,D1,6,DMSO
well_23_2024-02-20_104218_.jpg,18,D1,6,DMSO
well_24_2024-02-20_104224_.jpg,27,D1,6,DMSO
well_25_2024-02-20_104229_.jpg,53,D1,6,DMSO
well_26_2024-02-20_104235_.jpg,24,D1,6,DMSO
well_27_2024-02-20_104240_.jpg,43,D1,6,DMSO
well_28_2024-02-20_104246_.jpg,23,D1,6,DMSO
well_29_2024-02-20_104252_.jpg,42,D1,6,DMSO
well_30_2024-02-20_104257_.jpg,64,D1,6,DMSO
well_31_2024-02-20_104303_.jpg,33,D1,6,DMSO
well_32_2024-02-20_104308_.jpg,34,D1,6,DMSO
well_17_2024-02-20_105138_.jpg,33,D3,6,DMSO
well_18_2024-02-20_105144_.jpg,24,D3,6,DMSO
well_19_2024-02-20_105149_.jpg,39,D3,6,DMSO
well_20_2024-02-20_105155_.jpg,11,D3,6,DMSO
well_21_2024-02-20_105200_.jpg,38,D3,6,DMSO
well_22_2024-02-20_105206_.jpg,2,D3,6,DMSO
well_23_2024-02-20_105212_.jpg,55,D3,6,DMSO
well_24_2024-02-20_105217_.jpg,38,D3,6,DMSO
well_25_2024-02-20_105223_.jpg,65,D3,6,DMSO
well_26_2024-02-20_105228_.jpg,77,D3,6,DMSO
well_27_2024-02-20_105234_.jpg,29,D3,6,DMSO
well_28_2024-02-20_105239_.jpg,50,D3,6,DMSO
well_29_2024-02-20_105245_.jpg,32,D3,6,DMSO
well_30_2024-02-20_105251_.jpg,32,D3,6,DMSO
well_31_2024-02-20_105256_.jpg,16,D3,6,DMSO
well_32_2024-02-20_105302_.jpg,58,D3,6,DMSO
well_2_2024-02-15_113517_.jpg,30,D1,6,DMSO
well_3_2024-02-15_113523_.jpg,14,D1,6,DMSO
well_4_2024-02-15_113528_.jpg,1,D1,6,DMSO
well_5_2024-02-15_113534_.jpg,7,D1,6,DMSO
well_6_2024-02-15_113539_.jpg,19,D1,6,DMSO
well_7_2024-02-15_113545_.jpg,10,D1,6,DMSO
well_8_2024-02-15_113550_.jpg,30,D1,6,DMSO
well_9_2024-02-15_113556_.jpg,31,D1,6,DMSO
well_10_2024-02-15_113601_.jpg,43,D1,6,DMSO
well_11_2024-02-15_113607_.jpg,27,D1,6,DMSO
well_12_2024-02-15_113613_.jpg,28,D1,6,DMSO
well_13_2024-02-15_113618_.jpg,47,D1,6,DMSO
well_14_2024-02-15_113624_.jpg,62,D1,6,DMSO
well_15_2024-02-15_113629_.jpg,103,D1,6,DMSO
well_16_2024-02-15_113635_.jpg,79,D1,6,DMSO
well_2_2024-02-20_105657_.jpg,17,D3,6,DMSO
well_3_2024-02-20_105703_.jpg,19,D3,6,DMSO
well_4_2024-02-20_105708_.jpg,17,D3,6,DMSO
well_5_2024-02-20_105714_.jpg,44,D3,6,DMSO
well_6_2024-02-20_105720_.jpg,13,D3,6,DMSO
well_7_2024-02-20_105726_.jpg,10,D3,6,DMSO
well_8_2024-02-20_105731_.jpg,35,D3,6,DMSO
well_9_2024-02-20_105737_.jpg,49,D3,6,DMSO
well_10_2024-02-20_105742_.jpg,47,D3,6,DMSO
well_11_2024-02-20_105748_.jpg,53,D3,6,DMSO
well_12_2024-02-20_105754_.jpg,5,D3,6,DMSO
well_13_2024-02-20_105759_.jpg,27,D3,6,DMSO
well_14_2024-02-20_105805_.jpg,48,D3,6,DMSO
well_15_2024-02-20_105810_.jpg,102,D3,6,DMSO
well_16_2024-02-20_105816_.jpg,40,D3,6,DMSO
well_2_2024-02-20_110646_.jpg,12,D7,6,DMSO
well_3_2024-02-20_110652_.jpg,13,D7,6,DMSO
well_4_2024-02-20_110658_.jpg,19,D7,6,DMSO
well_5_2024-02-20_110703_.jpg,12,D7,6,DMSO
well_6_2024-02-20_110709_.jpg,8,D7,6,DMSO
well_7_2024-02-20_110715_.jpg,20,D7,6,DMSO
well_8_2024-02-20_110720_.jpg,11,D7,6,DMSO
well_9_2024-02-20_110726_.jpg,34,D7,6,DMSO
well_10_2024-02-20_110731_.jpg,28,D7,6,DMSO
well_11_2024-02-20_110737_.jpg,1,D7,6,DMSO
well_12_2024-02-20_110743_.jpg,35,D7,6,DMSO
well_13_2024-02-20_110748_.jpg,11,D7,6,DMSO
well_14_2024-02-20_110754_.jpg,11,D7,6,DMSO
well_15_2024-02-20_110759_.jpg,7,D7,6,DMSO
well_16_2024-02-20_110805_.jpg,5,D7,6,DMSO
well_17_2024-02-15_113641_.jpg,21,D1,6,Rap_10
well_18_2024-02-15_113646_.jpg,40,D1,6,Rap_10
well_19_2024-02-15_113652_.jpg,64,D1,6,Rap_10
well_20_2024-02-15_113658_.jpg,34,D1,6,Rap_10
well_21_2024-02-15_113703_.jpg,31,D1,6,Rap_10
well_22_2024-02-15_113709_.jpg,20,D1,6,Rap_10
well_23_2024-02-15_113714_.jpg,25,D1,6,Rap_10
well_24_2024-02-15_113720_.jpg,13,D1,6,Rap_10
well_25_2024-02-15_113725_.jpg,22,D1,6,Rap_10
well_26_2024-02-15_113731_.jpg,27,D1,6,Rap_10
well_27_2024-02-15_113736_.jpg,18,D1,6,Rap_10
well_28_2024-02-15_113742_.jpg,57,D1,6,Rap_10
well_29_2024-02-15_113747_.jpg,29,D1,6,Rap_10
well_30_2024-02-15_113753_.jpg,41,D1,6,Rap_10
well_31_2024-02-15_113759_.jpg,63,D1,6,Rap_10
well_32_2024-02-15_113804_.jpg,9,D1,6,Rap_10
well_17_2024-02-20_105822_.jpg,36,D3,6,Rap_10
well_18_2024-02-20_105827_.jpg,60,D3,6,Rap_10
well_19_2024-02-20_105833_.jpg,47,D3,6,Rap_10
well_20_2024-02-20_105838_.jpg,49,D3,6,Rap_10
well_21_2024-02-20_105844_.jpg,20,D3,6,Rap_10
well_22_2024-02-20_105850_.jpg,28,D3,6,Rap_10
well_23_2024-02-20_105855_.jpg,21,D3,6,Rap_10
well_24_2024-02-20_105901_.jpg,17,D3,6,Rap_10
well_25_2024-02-20_105906_.jpg,39,D3,6,Rap_10
well_26_2024-02-20_105912_.jpg,22,D3,6,Rap_10
well_27_2024-02-20_105918_.jpg,27,D3,6,Rap_10
well_28_2024-02-20_105923_.jpg,26,D3,6,Rap_10
well_29_2024-02-20_105929_.jpg,27,D3,6,Rap_10
well_30_2024-02-20_105935_.jpg,28,D3,6,Rap_10
well_31_2024-02-20_105940_.jpg,34,D3,6,Rap_10
well_32_2024-02-20_105946_.jpg,45,D3,6,Rap_10
well_17_2024-02-20_110811_.jpg,39,D7,6,Rap_10
well_18_2024-02-20_110816_.jpg,34,D7,6,Rap_10
well_19_2024-02-20_110822_.jpg,34,D7,6,Rap_10
well_20_2024-02-20_110827_.jpg,50,D7,6,Rap_10
well_21_2024-02-20_110833_.jpg,70,D7,6,Rap_10
well_22_2024-02-20_110839_.jpg,57,D7,6,Rap_10
well_23_2024-02-20_110844_.jpg,79,D7,6,Rap_10
well_24_2024-02-20_110850_.jpg,22,D7,6,Rap_10
well_25_2024-02-20_110856_.jpg,10,D7,6,Rap_10
well_26_2024-02-20_110901_.jpg,7,D7,6,Rap_10
well_27_2024-02-20_110907_.jpg,10,D7,6,Rap_10
well_28_2024-02-20_110913_.jpg,32,D7,6,Rap_10
well_29_2024-02-20_110918_.jpg,48,D7,6,Rap_10
well_30_2024-02-20_110924_.jpg,42,D7,6,Rap_10
well_31_2024-02-20_110930_.jpg,14,D7,6,Rap_10
well_32_2024-02-20_110935_.jpg,11,D7,6,Rap_10
well_17_2024-02-20_103032_.jpg,21,D1,7,DMSO
well_18_2024-02-20_103037_.jpg,44,D1,7,DMSO
well_19_2024-02-20_103043_.jpg,46,D1,7,DMSO
well_20_2024-02-20_103049_.jpg,46,D1,7,DMSO
well_21_2024-02-20_103054_.jpg,53,D1,7,DMSO
well_22_2024-02-20_103100_.jpg,30,D1,7,DMSO
well_23_2024-02-20_103106_.jpg,57,D1,7,DMSO
well_24_2024-02-20_103111_.jpg,49,D1,7,DMSO
well_25_2024-02-20_103117_.jpg,48,D1,7,DMSO
well_26_2024-02-20_103123_.jpg,36,D1,7,DMSO
well_27_2024-02-20_103128_.jpg,83,D1,7,DMSO
well_28_2024-02-20_103134_.jpg,31,D1,7,DMSO
well_29_2024-02-20_103140_.jpg,51,D1,7,DMSO
well_30_2024-02-20_103145_.jpg,43,D1,7,DMSO
well_31_2024-02-20_103151_.jpg,31,D1,7,DMSO
well_32_2024-02-20_103157_.jpg,39,D1,7,DMSO
well_17_2024-02-20_104613_.jpg,33,D3,7,DMSO
well_18_2024-02-20_104619_.jpg,77,D3,7,DMSO
well_19_2024-02-20_104624_.jpg,82,D3,7,DMSO
well_20_2024-02-20_104630_.jpg,31,D3,7,DMSO
well_21_2024-02-20_104636_.jpg,76,D3,7,DMSO
well_22_2024-02-20_104641_.jpg,60,D3,7,DMSO
well_23_2024-02-20_104647_.jpg,93,D3,7,DMSO
well_24_2024-02-20_104652_.jpg,64,D3,7,DMSO
well_25_2024-02-20_104658_.jpg,53,D3,7,DMSO
well_26_2024-02-20_104703_.jpg,68,D3,7,DMSO
well_27_2024-02-20_104709_.jpg,84,D3,7,DMSO
well_28_2024-02-20_104715_.jpg,77,D3,7,DMSO
well_29_2024-02-20_104720_.jpg,60,D3,7,DMSO
well_30_2024-02-20_104726_.jpg,89,D3,7,DMSO
well_31_2024-02-20_104732_.jpg,65,D3,7,DMSO
well_32_2024-02-20_104737_.jpg,22,D3,7,DMSO
well_17_2024-02-20_112534_.jpg,23,D7,7,DMSO
well_18_2024-02-20_112539_.jpg,18,D7,7,DMSO
well_19_2024-02-20_112545_.jpg,17,D7,7,DMSO
well_20_2024-02-20_112550_.jpg,8,D7,7,DMSO
well_21_2024-02-20_112556_.jpg,32,D7,7,DMSO
well_22_2024-02-20_112602_.jpg,23,D7,7,DMSO
well_23_2024-02-20_112607_.jpg,6,D7,7,DMSO
well_24_2024-02-20_112613_.jpg,26,D7,7,DMSO
well_25_2024-02-20_112618_.jpg,28,D7,7,DMSO
well_26_2024-02-20_112624_.jpg,0,D7,7,DMSO
well_27_2024-02-20_112629_.jpg,43,D7,7,DMSO
well_28_2024-02-20_112635_.jpg,30,D7,7,DMSO
well_29_2024-02-20_112641_.jpg,11,D7,7,DMSO
well_30_2024-02-20_112646_.jpg,41,D7,7,DMSO
well_31_2024-02-20_112652_.jpg,32,D7,7,DMSO
well_32_2024-02-20_112657_.jpg,2,D7,7,DMSO
well_2_2024-02-20_105842_.jpg,14,D1,7,Rap_0.1
well_3_2024-02-20_105847_.jpg,9,D1,7,Rap_0.1
well_4_2024-02-20_105853_.jpg,0,D1,7,Rap_0.1
well_5_2024-02-20_105859_.jpg,22,D1,7,Rap_0.1
well_6_2024-02-20_105904_.jpg,12,D1,7,Rap_0.1
well_7_2024-02-20_105910_.jpg,14,D1,7,Rap_0.1
well_8_2024-02-20_105916_.jpg,18,D1,7,Rap_0.1
well_9_2024-02-20_105921_.jpg,7,D1,7,Rap_0.1
well_10_2024-02-20_105927_.jpg,16,D1,7,Rap_0.1
well_11_2024-02-20_105933_.jpg,10,D1,7,Rap_0.1
well_12_2024-02-20_105938_.jpg,5,D1,7,Rap_0.1
well_13_2024-02-20_105944_.jpg,40,D1,7,Rap_0.1
well_14_2024-02-20_105949_.jpg,31,D1,7,Rap_0.1
well_15_2024-02-20_105955_.jpg,24,D1,7,Rap_0.1
well_16_2024-02-20_110001_.jpg,28,D1,7,Rap_0.1
well_1_2024-02-20_112628_.jpg,47,D3,7,Rap_0.1
well_2_2024-02-20_112103_.jpg,12,D3,7,Rap_0.1
well_3_2024-02-20_112109_.jpg,44,D3,7,Rap_0.1
well_4_2024-02-20_112114_.jpg,0,D3,7,Rap_0.1
well_5_2024-02-20_112120_.jpg,43,D3,7,Rap_0.1
well_6_2024-02-20_112126_.jpg,45,D3,7,Rap_0.1
well_7_2024-02-20_112131_.jpg,27,D3,7,Rap_0.1
well_8_2024-02-20_112137_.jpg,55,D3,7,Rap_0.1
well_9_2024-02-20_112142_.jpg,18,D3,7,Rap_0.1
well_10_2024-02-20_112148_.jpg,14,D3,7,Rap_0.1
well_11_2024-02-20_112153_.jpg,69,D3,7,Rap_0.1
well_12_2024-02-20_112159_.jpg,9,D3,7,Rap_0.1
well_13_2024-02-20_112204_.jpg,74,D3,7,Rap_0.1
well_14_2024-02-20_112210_.jpg,38,D3,7,Rap_0.1
well_15_2024-02-20_112216_.jpg,53,D3,7,Rap_0.1
well_16_2024-02-20_112221_.jpg,16,D3,7,Rap_0.1
well_2_2024-02-20_113710_.jpg,1,D7,7,Rap_0.1
well_3_2024-02-20_113715_.jpg,2,D7,7,Rap_0.1
well_4_2024-02-20_113721_.jpg,17,D7,7,Rap_0.1
well_5_2024-02-20_113726_.jpg,37,D7,7,Rap_0.1
well_6_2024-02-20_113732_.jpg,17,D7,7,Rap_0.1
well_7_2024-02-20_113737_.jpg,20,D7,7,Rap_0.1
well_8_2024-02-20_113743_.jpg,9,D7,7,Rap_0.1
well_9_2024-02-20_113749_.jpg,35,D7,7,Rap_0.1
well_10_2024-02-20_113754_.jpg,2,D7,7,Rap_0.1
well_11_2024-02-20_113800_.jpg,40,D7,7,Rap_0.1
well_12_2024-02-20_113805_.jpg,10,D7,7,Rap_0.1
well_13_2024-02-20_113811_.jpg,49,D7,7,Rap_0.1
well_14_2024-02-20_113817_.jpg,8,D7,7,Rap_0.1
well_15_2024-02-20_113822_.jpg,8,D7,7,Rap_0.1
well_16_2024-02-20_113828_.jpg,17,D7,7,Rap_0.1
well_17_2024-02-20_110007_.jpg,28,D1,7,Rap_10
well_18_2024-02-20_110013_.jpg,9,D1,7,Rap_10
well_19_2024-02-20_110018_.jpg,6,D1,7,Rap_10
well_20_2024-02-20_110024_.jpg,17,D1,7,Rap_10
well_21_2024-02-20_110030_.jpg,9,D1,7,Rap_10
well_22_2024-02-20_110035_.jpg,22,D1,7,Rap_10
well_23_2024-02-20_110041_.jpg,14,D1,7,Rap_10
well_24_2024-02-20_110047_.jpg,6,D1,7,Rap_10
well_25_2024-02-20_110052_.jpg,9,D1,7,Rap_10
well_26_2024-02-20_110058_.jpg,10,D1,7,Rap_10
well_27_2024-02-20_110103_.jpg,6,D1,7,Rap_10
well_28_2024-02-20_110109_.jpg,41,D1,7,Rap_10
well_29_2024-02-20_110115_.jpg,6,D1,7,Rap_10
well_30_2024-02-20_110120_.jpg,8,D1,7,Rap_10
well_31_2024-02-20_110126_.jpg,49,D1,7,Rap_10
well_32_2024-02-20_110132_.jpg,30,D1,7,Rap_10
well_17_2024-02-20_112227_.jpg,20,D3,7,Rap_10
well_18_2024-02-20_112232_.jpg,1,D3,7,Rap_10
well_19_2024-02-20_112238_.jpg,0,D3,7,Rap_10
well_20_2024-02-20_112243_.jpg,0,D3,7,Rap_10
well_21_2024-02-20_112249_.jpg,0,D3,7,Rap_10
well_22_2024-02-20_112255_.jpg,32,D3,7,Rap_10
well_23_2024-02-20_112300_.jpg,0,D3,7,Rap_10
well_24_2024-02-20_112306_.jpg,3,D3,7,Rap_10
well_25_2024-02-20_112311_.jpg,4,D3,7,Rap_10
well_26_2024-02-20_112317_.jpg,2,D3,7,Rap_10
well_27_2024-02-20_112322_.jpg,1,D3,7,Rap_10
well_28_2024-02-20_112328_.jpg,13,D3,7,Rap_10
well_29_2024-02-20_112334_.jpg,2,D3,7,Rap_10
well_30_2024-02-20_112339_.jpg,11,D3,7,Rap_10
well_31_2024-02-20_112345_.jpg,0,D3,7,Rap_10
well_32_2024-02-20_112351_.jpg,2,D3,7,Rap_10
well_17_2024-02-20_113833_.jpg,15,D7,7,Rap_10
well_18_2024-02-20_113839_.jpg,0,D7,7,Rap_10
well_19_2024-02-20_113845_.jpg,11,D7,7,Rap_10
well_20_2024-02-20_113850_.jpg,0,D7,7,Rap_10
well_21_2024-02-20_113856_.jpg,1,D7,7,Rap_10
well_22_2024-02-20_113901_.jpg,14,D7,7,Rap_10
well_23_2024-02-20_113907_.jpg,2,D7,7,Rap_10
well_24_2024-02-20_113912_.jpg,0,D7,7,Rap_10
well_25_2024-02-20_113918_.jpg,5,D7,7,Rap_10
well_26_2024-02-20_113923_.jpg,19,D7,7,Rap_10
well_27_2024-02-20_113929_.jpg,2,D7,7,Rap_10
well_28_2024-02-20_113935_.jpg,8,D7,7,Rap_10
well_29_2024-02-20_113940_.jpg,1,D7,7,Rap_10
well_30_2024-02-20_113946_.jpg,0,D7,7,Rap_10
well_31_2024-02-20_113951_.jpg,2,D7,7,Rap_10
well_32_2024-02-20_113957_.jpg,0,D7,7,Rap_10
well_33_2024-02-20_110137_.jpg,45,D1,7,Rap_25
well_34_2024-02-20_110143_.jpg,4,D1,7,Rap_25
well_35_2024-02-20_110149_.jpg,30,D1,7,Rap_25
well_36_2024-02-20_110154_.jpg,12,D1,7,Rap_25
well_37_2024-02-20_110200_.jpg,14,D1,7,Rap_25
well_38_2024-02-20_110206_.jpg,13,D1,7,Rap_25
well_39_2024-02-20_110211_.jpg,14,D1,7,Rap_25
well_40_2024-02-20_110217_.jpg,14,D1,7,Rap_25
well_41_2024-02-20_110223_.jpg,8,D1,7,Rap_25
well_42_2024-02-20_110229_.jpg,10,D1,7,Rap_25
well_43_2024-02-20_110235_.jpg,4,D1,7,Rap_25
well_44_2024-02-20_110240_.jpg,22,D1,7,Rap_25
well_45_2024-02-20_110246_.jpg,2,D1,7,Rap_25
well_46_2024-02-20_110252_.jpg,19,D1,7,Rap_25
well_47_2024-02-20_110258_.jpg,18,D1,7,Rap_25
well_48_2024-02-20_110304_.jpg,15,D1,7,Rap_25
well_33_2024-02-20_112356_.jpg,0,D3,7,Rap_25
well_34_2024-02-20_112402_.jpg,0,D3,7,Rap_25
well_35_2024-02-20_112408_.jpg,0,D3,7,Rap_25
well_36_2024-02-20_112413_.jpg,1,D3,7,Rap_25
well_37_2024-02-20_112419_.jpg,0,D3,7,Rap_25
well_38_2024-02-20_112425_.jpg,0,D3,7,Rap_25
well_39_2024-02-20_112431_.jpg,0,D3,7,Rap_25
well_40_2024-02-20_112437_.jpg,0,D3,7,Rap_25
well_41_2024-02-20_112442_.jpg,0,D3,7,Rap_25
well_42_2024-02-20_112448_.jpg,0,D3,7,Rap_25
well_43_2024-02-20_112454_.jpg,2,D3,7,Rap_25
well_44_2024-02-20_112500_.jpg,0,D3,7,Rap_25
well_45_2024-02-20_112505_.jpg,4,D3,7,Rap_25
well_46_2024-02-20_112511_.jpg,0,D3,7,Rap_25
well_47_2024-02-20_112517_.jpg,1,D3,7,Rap_25
well_48_2024-02-20_112523_.jpg,0,D3,7,Rap_25
well_33_2024-02-20_114003_.jpg,0,D7,7,Rap_25
well_34_2024-02-20_114008_.jpg,0,D7,7,Rap_25
well_35_2024-02-20_114014_.jpg,0,D7,7,Rap_25
well_36_2024-02-20_114019_.jpg,1,D7,7,Rap_25
well_37_2024-02-20_114025_.jpg,1,D7,7,Rap_25
well_38_2024-02-20_114031_.jpg,2,D7,7,Rap_25
well_39_2024-02-20_114036_.jpg,1,D7,7,Rap_25
well_40_2024-02-20_114042_.jpg,5,D7,7,Rap_25
well_41_2024-02-20_114047_.jpg,1,D7,7,Rap_25
well_42_2024-02-20_114053_.jpg,1,D7,7,Rap_25
well_43_2024-02-20_114059_.jpg,0,D7,7,Rap_25
well_44_2024-02-20_114104_.jpg,0,D7,7,Rap_25
well_45_2024-02-20_114110_.jpg,0,D7,7,Rap_25
well_46_2024-02-20_114115_.jpg,0,D7,7,Rap_25
well_47_2024-02-20_114121_.jpg,0,D7,7,Rap_25
well_48_2024-02-20_114127_.jpg,1,D7,7,Rap_25
well_25_2024-02-20_124153_.jpg,1,D1,8,DMSO
well_26_2024-02-20_124158_.jpg,62,D1,8,DMSO
well_27_2024-02-20_124204_.jpg,31,D1,8,DMSO
well_28_2024-02-20_124210_.jpg,34,D1,8,DMSO
well_29_2024-02-20_124215_.jpg,78,D1,8,DMSO
well_30_2024-02-20_124221_.jpg,48,D1,8,DMSO
well_31_2024-02-20_124227_.jpg,73,D1,8,DMSO
well_32_2024-02-20_124232_.jpg,54,D1,8,DMSO
well_33_2024-02-20_124238_.jpg,55,D1,8,DMSO
well_34_2024-02-20_124244_.jpg,56,D1,8,DMSO
well_35_2024-02-20_124249_.jpg,64,D1,8,DMSO
well_36_2024-02-20_124255_.jpg,79,D1,8,DMSO
well_37_2024-02-20_124301_.jpg,91,D1,8,DMSO
well_38_2024-02-20_124307_.jpg,51,D1,8,DMSO
well_39_2024-02-20_124312_.jpg,69,D1,8,DMSO
well_40_2024-02-20_124318_.jpg,21,D1,8,DMSO
well_41_2024-02-20_124324_.jpg,18,D1,8,DMSO
well_42_2024-02-20_124330_.jpg,38,D1,8,DMSO
well_43_2024-02-20_124335_.jpg,40,D1,8,DMSO
well_44_2024-02-20_124341_.jpg,57,D1,8,DMSO
well_45_2024-02-20_124347_.jpg,60,D1,8,DMSO
well_46_2024-02-20_124353_.jpg,21,D1,8,DMSO
well_47_2024-02-20_124359_.jpg,37,D1,8,DMSO
well_48_2024-02-20_124405_.jpg,32,D1,8,DMSO
well_25_2024-02-20_124838_.jpg,51,D3,8,DMSO
well_26_2024-02-20_124844_.jpg,68,D3,8,DMSO
well_27_2024-02-20_124849_.jpg,16,D3,8,DMSO
well_28_2024-02-20_124855_.jpg,41,D3,8,DMSO
well_29_2024-02-20_124900_.jpg,27,D3,8,DMSO
well_30_2024-02-20_124906_.jpg,63,D3,8,DMSO
well_31_2024-02-20_124912_.jpg,27,D3,8,DMSO
well_32_2024-02-20_124917_.jpg,64,D3,8,DMSO
well_33_2024-02-20_124923_.jpg,16,D3,8,DMSO
well_34_2024-02-20_124928_.jpg,58,D3,8,DMSO
well_35_2024-02-20_124934_.jpg,44,D3,8,DMSO
well_36_2024-02-20_124940_.jpg,54,D3,8,DMSO
well_37_2024-02-20_124945_.jpg,87,D3,8,DMSO
well_38_2024-02-20_124951_.jpg,46,D3,8,DMSO
well_39_2024-02-20_124956_.jpg,23,D3,8,DMSO
well_40_2024-02-20_125002_.jpg,77,D3,8,DMSO
well_41_2024-02-20_125008_.jpg,68,D3,8,DMSO
well_42_2024-02-20_125013_.jpg,32,D3,8,DMSO
well_43_2024-02-20_125019_.jpg,90,D3,8,DMSO
well_44_2024-02-20_125025_.jpg,58,D3,8,DMSO
well_45_2024-02-20_125030_.jpg,36,D3,8,DMSO
well_46_2024-02-20_125036_.jpg,76,D3,8,DMSO
well_47_2024-02-20_125041_.jpg,53,D3,8,DMSO
well_48_2024-02-20_125047_.jpg,33,D3,8,DMSO
well_25_2024-02-20_132130_.jpg,9,D7,8,DMSO
well_26_2024-02-20_132136_.jpg,3,D7,8,DMSO
well_29_2024-02-20_132153_.jpg,12,D7,8,DMSO
well_30_2024-02-20_132159_.jpg,0,D7,8,DMSO
well_31_2024-02-20_132204_.jpg,13,D7,8,DMSO
well_32_2024-02-20_132210_.jpg,8,D7,8,DMSO
well_33_2024-02-20_132216_.jpg,31,D7,8,DMSO
well_34_2024-02-20_132221_.jpg,24,D7,8,DMSO
well_35_2024-02-20_132227_.jpg,2,D7,8,DMSO
well_36_2024-02-20_132232_.jpg,20,D7,8,DMSO
well_37_2024-02-20_132238_.jpg,22,D7,8,DMSO
well_38_2024-02-20_132244_.jpg,25,D7,8,DMSO
well_39_2024-02-20_132249_.jpg,1,D7,8,DMSO
well_40_2024-02-20_132255_.jpg,2,D7,8,DMSO
well_41_2024-02-20_132300_.jpg,7,D7,8,DMSO
well_42_2024-02-20_132306_.jpg,11,D7,8,DMSO
well_43_2024-02-20_132312_.jpg,11,D7,8,DMSO
well_44_2024-02-20_132318_.jpg,15,D7,8,DMSO
well_45_2024-02-20_132323_.jpg,0,D7,8,DMSO
well_46_2024-02-20_132329_.jpg,12,D7,8,DMSO
well_47_2024-02-20_132335_.jpg,24,D7,8,DMSO
well_1_2024-02-20_124433_4056x3040.jpg,32,D1,8,Rap_0.1
well_2_2024-02-20_130121_.jpg,25,D1,8,Rap_0.1
well_3_2024-02-20_130127_.jpg,42,D1,8,Rap_0.1
well_4_2024-02-20_130133_.jpg,41,D1,8,Rap_0.1
well_5_2024-02-20_130138_.jpg,22,D1,8,Rap_0.1
well_6_2024-02-20_130144_.jpg,14,D1,8,Rap_0.1
well_7_2024-02-20_130149_.jpg,20,D1,8,Rap_0.1
well_8_2024-02-20_130155_.jpg,21,D1,8,Rap_0.1
well_9_2024-02-20_130201_.jpg,44,D1,8,Rap_0.1
well_10_2024-02-20_130206_.jpg,46,D1,8,Rap_0.1
well_11_2024-02-20_130212_.jpg,16,D1,8,Rap_0.1
well_12_2024-02-20_130218_.jpg,33,D1,8,Rap_0.1
well_13_2024-02-20_130223_.jpg,51,D1,8,Rap_0.1
well_14_2024-02-20_130229_.jpg,26,D1,8,Rap_0.1
well_15_2024-02-20_130234_.jpg,20,D1,8,Rap_0.1
well_16_2024-02-20_130240_.jpg,24,D1,8,Rap_0.1
well_17_2024-02-20_130246_.jpg,32,D1,8,Rap_10
well_18_2024-02-20_130251_.jpg,53,D1,8,Rap_10
well_19_2024-02-20_130257_.jpg,44,D1,8,Rap_10
well_20_2024-02-20_130303_.jpg,51,D1,8,Rap_10
well_21_2024-02-20_130308_.jpg,58,D1,8,Rap_10
well_22_2024-02-20_130314_.jpg,55,D1,8,Rap_10
well_23_2024-02-20_130320_.jpg,49,D1,8,Rap_10
well_24_2024-02-20_130325_.jpg,37,D1,8,Rap_10
well_25_2024-02-20_130331_.jpg,16,D1,8,Rap_10
well_26_2024-02-20_130336_.jpg,64,D1,8,Rap_10
well_27_2024-02-20_130342_.jpg,54,D1,8,Rap_10
well_28_2024-02-20_130348_.jpg,54,D1,8,Rap_10
well_29_2024-02-20_130353_.jpg,49,D1,8,Rap_10
well_30_2024-02-20_130359_.jpg,44,D1,8,Rap_10
well_31_2024-02-20_130405_.jpg,56,D1,8,Rap_10
well_32_2024-02-20_130410_.jpg,39,D1,8,Rap_10
well_33_2024-02-20_130416_.jpg,23,D1,8,Rap_25
well_34_2024-02-20_130421_.jpg,39,D1,8,Rap_25
well_35_2024-02-20_130427_.jpg,35,D1,8,Rap_25
well_36_2024-02-20_130433_.jpg,24,D1,8,Rap_25
well_37_2024-02-20_130438_.jpg,17,D1,8,Rap_25
well_38_2024-02-20_130444_.jpg,24,D1,8,Rap_25
well_39_2024-02-20_130449_.jpg,26,D1,8,Rap_25
well_40_2024-02-20_130455_.jpg,21,D1,8,Rap_25
well_41_2024-02-20_130501_.jpg,22,D1,8,Rap_25
well_42_2024-02-20_130507_.jpg,20,D1,8,Rap_25
well_43_2024-02-20_130512_.jpg,24,D1,8,Rap_25
well_44_2024-02-20_130518_.jpg,22,D1,8,Rap_25
well_45_2024-02-20_130524_.jpg,8,D1,8,Rap_25
well_46_2024-02-20_130530_.jpg,26,D1,8,Rap_25
well_47_2024-02-20_130536_.jpg,19,D1,8,Rap_25
well_48_2024-02-20_130542_.jpg,30,D1,8,Rap_25
well_2_2024-02-20_122150_.jpg,39,D3,8,Rap_0.1
well_3_2024-02-20_122155_.jpg,55,D3,8,Rap_0.1
well_4_2024-02-20_122201_.jpg,41,D3,8,Rap_0.1
well_5_2024-02-20_122206_.jpg,36,D3,8,Rap_0.1
well_6_2024-02-20_122212_.jpg,35,D3,8,Rap_0.1
well_7_2024-02-20_122218_.jpg,29,D3,8,Rap_0.1
well_8_2024-02-20_122223_.jpg,37,D3,8,Rap_0.1
well_9_2024-02-20_122229_.jpg,63,D3,8,Rap_0.1
well_10_2024-02-20_122235_.jpg,55,D3,8,Rap_0.1
well_11_2024-02-20_122240_.jpg,19,D3,8,Rap_0.1
well_12_2024-02-20_122246_.jpg,46,D3,8,Rap_0.1
well_13_2024-02-20_122252_.jpg,51,D3,8,Rap_0.1
well_14_2024-02-20_122257_.jpg,15,D3,8,Rap_0.1
well_15_2024-02-20_122303_.jpg,55,D3,8,Rap_0.1
well_16_2024-02-20_122308_.jpg,18,D3,8,Rap_0.1
well_2_2024-02-20_132103_.jpg,6,D7,8,Rap_0.1
well_3_2024-02-20_132109_.jpg,1,D7,8,Rap_0.1
well_4_2024-02-20_132114_.jpg,8,D7,8,Rap_0.1
well_5_2024-02-20_132120_.jpg,5,D7,8,Rap_0.1
well_6_2024-02-20_132125_.jpg,5,D7,8,Rap_0.1
well_7_2024-02-20_132131_.jpg,15,D7,8,Rap_0.1
well_8_2024-02-20_132137_.jpg,12,D7,8,Rap_0.1
well_9_2024-02-20_132142_.jpg,2,D7,8,Rap_0.1
well_10_2024-02-20_132148_.jpg,25,D7,8,Rap_0.1
well_11_2024-02-20_132153_.jpg,1,D7,8,Rap_0.1
well_12_2024-02-20_132159_.jpg,0,D7,8,Rap_0.1
well_13_2024-02-20_132205_.jpg,25,D7,8,Rap_0.1
well_14_2024-02-20_132210_.jpg,22,D7,8,Rap_0.1
well_15_2024-02-20_132216_.jpg,26,D7,8,Rap_0.1
well_16_2024-02-20_132221_.jpg,1,D7,8,Rap_0.1
well_17_2024-02-20_122314_.jpg,14,D3,8,Rap_10
well_18_2024-02-20_122319_.jpg,25,D3,8,Rap_10
well_19_2024-02-20_122325_.jpg,31,D3,8,Rap_10
well_20_2024-02-20_122331_.jpg,26,D3,8,Rap_10
well_21_2024-02-20_122336_.jpg,30,D3,8,Rap_10
well_22_2024-02-20_122342_.jpg,41,D3,8,Rap_10
well_23_2024-02-20_122348_.jpg,26,D3,8,Rap_10
well_24_2024-02-20_122353_.jpg,27,D3,8,Rap_10
well_25_2024-02-20_122359_.jpg,13,D3,8,Rap_10
well_26_2024-02-20_122404_.jpg,25,D3,8,Rap_10
well_27_2024-02-20_122410_.jpg,38,D3,8,Rap_10
well_28_2024-02-20_122416_.jpg,35,D3,8,Rap_10
well_29_2024-02-20_122421_.jpg,21,D3,8,Rap_10
well_30_2024-02-20_122427_.jpg,17,D3,8,Rap_10
well_31_2024-02-20_122433_.jpg,42,D3,8,Rap_10
well_32_2024-02-20_122438_.jpg,14,D3,8,Rap_10
well_17_2024-02-20_132227_.jpg,0,D7,8,Rap_10
well_18_2024-02-20_132233_.jpg,4,D7,8,Rap_10
well_19_2024-02-20_132238_.jpg,3,D7,8,Rap_10
well_20_2024-02-20_132244_.jpg,1,D7,8,Rap_10
well_21_2024-02-20_132249_.jpg,3,D7,8,Rap_10
well_22_2024-02-20_132255_.jpg,3,D7,8,Rap_10
well_23_2024-02-20_132300_.jpg,5,D7,8,Rap_10
well_24_2024-02-20_132306_.jpg,1,D7,8,Rap_10
well_25_2024-02-20_132312_.jpg,0,D7,8,Rap_10
well_26_2024-02-20_132317_.jpg,1,D7,8,Rap_10
well_27_2024-02-20_132323_.jpg,1,D7,8,Rap_10
well_28_2024-02-20_132328_.jpg,1,D7,8,Rap_10
well_29_2024-02-20_132334_.jpg,0,D7,8,Rap_10
well_30_2024-02-20_132340_.jpg,1,D7,8,Rap_10
well_31_2024-02-20_132345_.jpg,2,D7,8,Rap_10
well_32_2024-02-20_132351_.jpg,0,D7,8,Rap_10
well_33_2024-02-20_122444_.jpg,1,D3,8,Rap_25
well_34_2024-02-20_122450_.jpg,1,D3,8,Rap_25
well_35_2024-02-20_122455_.jpg,0,D3,8,Rap_25
well_36_2024-02-20_122501_.jpg,1,D3,8,Rap_25
well_37_2024-02-20_122506_.jpg,3,D3,8,Rap_25
well_38_2024-02-20_122512_.jpg,9,D3,8,Rap_25
well_39_2024-02-20_122518_.jpg,4,D3,8,Rap_25
well_40_2024-02-20_122523_.jpg,2,D3,8,Rap_25
well_41_2024-02-20_122529_.jpg,0,D3,8,Rap_25
well_42_2024-02-20_122535_.jpg,2,D3,8,Rap_25
well_43_2024-02-20_122540_.jpg,2,D3,8,Rap_25
well_44_2024-02-20_122546_.jpg,3,D3,8,Rap_25
well_45_2024-02-20_122552_.jpg,0,D3,8,Rap_25
well_46_2024-02-20_122557_.jpg,0,D3,8,Rap_25
well_47_2024-02-20_122603_.jpg,3,D3,8,Rap_25
well_48_2024-02-20_122609_.jpg,2,D3,8,Rap_25
well_33_2024-02-20_132356_.jpg,1,D7,8,Rap_25
well_34_2024-02-20_132402_.jpg,1,D7,8,Rap_25
well_35_2024-02-20_132408_.jpg,0,D7,8,Rap_25
well_36_2024-02-20_132413_.jpg,1,D7,8,Rap_25
well_37_2024-02-20_132419_.jpg,0,D7,8,Rap_25
well_38_2024-02-20_132424_.jpg,4,D7,8,Rap_25
well_39_2024-02-20_132430_.jpg,1,D7,8,Rap_25
well_40_2024-02-20_132436_.jpg,5,D7,8,Rap_25
well_41_2024-02-20_132441_.jpg,5,D7,8,Rap_25
well_42_2024-02-20_132447_.jpg,5,D7,8,Rap_25
well_43_2024-02-20_132453_.jpg,1,D7,8,Rap_25
well_44_2024-02-20_132458_.jpg,2,D7,8,Rap_25
well_45_2024-02-20_132504_.jpg,0,D7,8,Rap_25
well_46_2024-02-20_132509_.jpg,0,D7,8,Rap_25
well_47_2024-02-20_132515_.jpg,5,D7,8,Rap_25
well_48_2024-02-20_132521_.jpg,1,D7,8,Rap_25
well_2_2024-02-20_122358_.jpg,0,D7,8,Rap_25
well_3_2024-02-20_122403_.jpg,0,D7,8,Rap_25
well_4_2024-02-20_122409_.jpg,0,D7,8,Rap_25
well_5_2024-02-20_122415_.jpg,0,D7,8,Rap_25
well_6_2024-02-20_122420_.jpg,0,D7,8,Rap_25
well_7_2024-02-20_122426_.jpg,0,D7,8,Rap_25
well_8_2024-02-20_122431_.jpg,0,D7,8,Rap_25
well_9_2024-02-20_122437_.jpg,0,D7,8,Rap_25
well_10_2024-02-20_122442_.jpg,0,D7,8,Rap_25
well_11_2024-02-20_122448_.jpg,0,D7,8,Rap_25
well_12_2024-02-20_122454_.jpg,0,D7,8,Rap_25
well_13_2024-02-20_122459_.jpg,0,D7,8,Rap_25
well_14_2024-02-20_122505_.jpg,5,D7,8,Rap_25
well_15_2024-02-20_122510_.jpg,0,D7,8,Rap_25
well_16_2024-02-20_122516_.jpg,0,D7,8,Rap_25